<?xml version="1.0" encoding="UTF-8"?>
<beans xmlns="http://www.springframework.org/schema/beans"
	xmlns:xsi="http://www.w3.org/2001/XMLSchema-instance" 
	xmlns:tx="http://www.springframework.org/schema/tx"
	xmlns:aop="http://www.springframework.org/schema/aop"
	xmlns:p="http://www.springframework.org/schema/p"
	xsi:schemaLocation="
http://www.springframework.org/schema/beans 
http://www.springframework.org/schema/beans/spring-beans-3.2.xsd 
http://www.springframework.org/schema/tx 
http://www.springframework.org/schema/tx/spring-tx-3.2.xsd
http://www.springframework.org/schema/aop 
http://www.springframework.org/schema/aop/spring-aop-3.2.xsd
">

	<!-- 数据库连接c3p0配置 -->
	<!-- 数据库名称为 ripp_medicine 用户名root 密码123456 请自行修改 -->
	<bean id="dataSource" class="com.mchange.v2.c3p0.ComboPooledDataSource"
		destroy-method="close" 
		p:driverClass="${jdbc.driverClassName}"
		p:jdbcUrl="${jdbc.url}" 
		p:user="${jdbc.username}" 
		p:password="${jdbc.password}"
		p:maxPoolSize="${c3p0.maxPoolSize}"
		p:minPoolSize="${c3p0.minPoolSize}">
		<property name="initialPoolSize" value="${c3p0.initialPoolSize}" />
		<property name="maxIdleTime" value="${c3p0.maxIdleTime}"/>
		<property name="acquireIncrement" value="${c3p0.acquireIncrement}"/>
		<property name="acquireRetryAttempts" value="${c3p0.acquireRetryAttempts}"/>
		<property name="acquireRetryDelay" value="${c3p0.acquireRetryDelay}"/>
		<property name="testConnectionOnCheckin" value="${c3p0.testConnectionOnCheckin}"/>
		<property name="automaticTestTable" value="${c3p0.automaticTestTable}"/>
		<property name="idleConnectionTestPeriod" value="${c3p0.idleConnectionTestPeriod}"/>
		<property name="checkoutTimeout" value="${c3p0.checkoutTimeout}"/>
		<property name="maxStatements" value="${c3p0.maxStatements}"/>
		<property name="maxStatementsPerConnection" value="${c3p0.maxStatementsPerConnection}"/>
		</bean>
		

	<!-- session工厂 -->
	<bean id="sessionFactory"
		class="org.springframework.orm.hibernate3.annotation.AnnotationSessionFactoryBean"
		p:dataSource-ref="dataSource">
		<!-- hibernate3基本配置 -->
		<property name="hibernateProperties">
			<props>
				<prop key="hibernate.hbm2ddl.auto">${hibernate.hbm2ddl.auto}</prop>
				<prop key="hibernate.dialect">${hibernate.dialect}</prop>
				<prop key="hibernate.show_sql">${hibernate.show_sql}</prop>
				<prop key="hibernate.format_sql">${hibernate.format_sql}</prop>
			</props>
		</property>

		<!-- hibernate3注解配置，自动扫描model包 -->
		<property name="packagesToScan" value="com.rippletec.medicine.model" />

	</bean>

	<!-- Spring事务配置 -->
	<bean id="transactionManager"
		class="org.springframework.orm.hibernate3.HibernateTransactionManager"
		p:sessionFactory-ref="sessionFactory" />

	<!-- 配置事务增强处理Bean,指定事务管理器 -->
	<tx:advice id="txAdvice" transaction-manager="transactionManager">
		<!-- 配置详细事务语义 -->
		<tx:attributes>
			<!-- get开头的方法设置为read-only -->
			<tx:method name="save*" propagation="REQUIRED" />
			<tx:method name="get*" propagation="REQUIRED" />
			<tx:method name="find*" propagation="REQUIRED" read-only="true" />
			<tx:method name="*" />
		</tx:attributes>
	</tx:advice>
	<aop:config>
		<!-- 切面配置service包及其子包下的所有类 -->
		<aop:pointcut id="mypointcut"
			expression="execution(* com.rippletec.medicine.service..*.*(..))" />
		<aop:advisor advice-ref="txAdvice" pointcut-ref="mypointcut" />
	</aop:config>

	<bean id="hibernateTemplate" class="org.springframework.orm.hibernate3.HibernateTemplate"
		p:sessionFactory-ref="sessionFactory" />

</beans>